{"means": [0, 0], "stds": [1, 1], "coefs": [0.0094602633635965], "inter": -0.14199798521732276}