{"means": [0, 0, 0, 0, 0, 0, 0, 0], "stds": [1, 1, 1, 1, 1, 1, 1, 1], "coefs": [-1.5388740129101224, -1.5388740129101397, 0.08077040321801192, 0.1366083485491887, -0.049502934312274656, -0.04950293431227996, 0.02567269704465795], "inter": 26.65142896779153}