{"means": [0, 0, 0, 0, 0, 0, 0, 0, 0, 0, 0, 0, 0, 0], "stds": [1, 1, 1, 1, 1, 1, 1, 1, 1, 1, 1, 1, 1, 1], "coefs": [-0.05935342777053659, 0.08718673557251211, -0.003731452701869384, -0.0455674094170824, -0.0455674094170797, -0.3349191755658857, -0.14731677722938416, -0.00878472702380281, -0.04255034968950333, 0.03036289799035484, -0.5723328866480324, 0.0138277667242187, 0.003749150022115966], "inter": 10.987511581461547}