{"means": [0, 0, 0, 0, 0, 0, 0, 0, 0, 0, 0, 0, 0, 0], "stds": [1, 1, 1, 1, 1, 1, 1, 1, 1, 1, 1, 1, 1, 1], "coefs": [-0.04538322499299412, -0.04538322499338265, 0.006573296867983009, -0.8245485769635098, -0.8245485769635627, 0.19181945411214216, -0.0028915799371181322, -0.0009586526676572272, -0.0009586526676487895, 0.015155890588978944, 0.010286554140158142, 0.010286554140156477, 0.0009641668429129406], "inter": 2.9608681347831833}