{"means": [0, 0, 0, 0, 0, 0, 0, 0], "stds": [1, 1, 1, 1, 1, 1, 1, 1], "coefs": [0.015756537314687413, -0.009027452543094219, -0.010464224363182667, 0.00024253853334692293, 0.00031400778352426597, 0.002533309148793464, 0.00032055671936570253], "inter": -1.1844946743268565}