{"means": [0, 0, 0, 0], "stds": [1, 1, 1, 1], "coefs": [0.30136863594570895, 1.7765280597040094, -13.292772836281397], "inter": 521.1786363458694}