{"means": [0, 0, 0, 0, 0, 0, 0, 0], "stds": [1, 1, 1, 1, 1, 1, 1, 1], "coefs": [0.013744085171349948, 0.010711072713308714, 0.0016955594893973691, 0.0018403108863761064, 0.00035877647617898177, 0.0026527713386726333, 0.0003193821038493143], "inter": -2.7087456345489045}