{"means": [0, 0, 0, 0, 0, 0, 0, 0, 0, 0, 0, 0, 0], "stds": [1, 1, 1, 1, 1, 1, 1, 1, 1, 1, 1, 1, 1], "coefs": [-0.35083399375154833, -0.35083399390241965, 0.0312168017866824, 0.031216801783888595, 0.49052185520880986, 0.062315113166603334, 0.005572415019322686, -4.281030982635603, 0.002975468280396437, -0.009110259054073784, 0.005018820325330867, 0.00042669836901532235], "inter": -17.747583775335443}