{"means": [0, 0, 0, 0], "stds": [1, 1, 1, 1], "coefs": [3.390531938331959e-07, 3.1359236943688482e-06, -8.146759338754071e-08], "inter": 0.0008772657553224371}