{"means": [0, 0, 0, 0], "stds": [1, 1, 1, 1], "coefs": [-2.1943335465470887e-07, -2.1943335465470887e-07, 4.819447174976024e-07], "inter": 0.0004721215640806039}