{"means": [0, 0, 0, 0], "stds": [1, 1, 1, 1], "coefs": [-8.588501440800439e-07, -8.588501440800441e-07, 7.223255082416608e-07], "inter": 0.0005979701654270442}