{"means": [0, 0, 0, 0, 0, 0, 0, 0, 0, 0, 0, 0, 0, 0], "stds": [1, 1, 1, 1, 1, 1, 1, 1, 1, 1, 1, 1, 1, 1], "coefs": [0.01115011850627731, 0.011150118506322793, -0.00019784275619176415, 0.10066231958547074, 0.10066231958546983, -0.04558238154077879, -0.002051840022457429, 0.0007364807713025624, 0.0007364807713143636, 0.014855673078655148, -0.000981907515667497, -0.000981907515667497, 0.001357199352564531], "inter": -0.13927297423835228}