{"means": [0, 0, 0, 0, 0, 0, 0, 0, 0, 0, 0, 0, 0, 0], "stds": [1, 1, 1, 1, 1, 1, 1, 1, 1, 1, 1, 1, 1, 1], "coefs": [-0.059544183078690624, 0.10324772366003632, -0.005708646412241376, -0.051141539174562614, -0.05114153917456179, -0.377023022782233, -0.13257970364646454, -0.005772052906341982, -0.044495858423516235, 0.030428275865038018, -0.6151997550969928, 0.035967871857835024, 0.004186736663282186], "inter": 11.06084385750842}