{"means": [0, 0], "stds": [1, 1], "coefs": [0.028626690462017785], "inter": 0.03378660448495907}