{"means": [0, 0, 0, 0, 0, 0, 0, 0, 0, 0, 0, 0, 0, 0], "stds": [1, 1, 1, 1, 1, 1, 1, 1, 1, 1, 1, 1, 1, 1], "coefs": [0.019540909742623618, 0.019540909742534873, -0.005751667243957689, 0.34570439850558154, 0.3457043985055843, -0.08439307773867934, 0.0002582367545984534, 0.0035617456839259366, 0.0035617456839372244, 0.021777861715750996, -0.006229438768181977, -0.006229438768181977, 0.0021875753492092962], "inter": -0.9726124857005161}