{"means": [0, 0, 0, 0, 0, 0, 0, 0, 0, 0, 0, 0, 0, 0], "stds": [1, 1, 1, 1, 1, 1, 1, 1, 1, 1, 1, 1, 1, 1], "coefs": [-0.007059682831808505, 0.01169885451673681, -0.004732677320445659, -0.0019375188348171519, -0.0019375188348170855, -0.01590635169639352, -0.016799511665637496, 0.004827611500835168, -0.005823478793466934, 0.024109361127140586, -0.04414508302362751, 0.030889066370555475, 0.002477527952139393], "inter": 0.7776758748039043}