{"means": [0, 0, 0, 0, 0, 0, 0, 0, 0, 0, 0, 0, 0], "stds": [1, 1, 1, 1, 1, 1, 1, 1, 1, 1, 1, 1, 1], "coefs": [1.2314905542331014, 1.2314905544208268, 0.020119752654570503, 0.020119752640822258, 1.056868245381652, 0.08989973615507091, -0.04135076368014059, -9.539922515067296, 0.005169941927735011, -0.01932537306584781, 0.013255852879853283, 0.000783461507506792], "inter": -20.421665499229675}