{"means": [0, 0, 0, 0], "stds": [1, 1, 1, 1], "coefs": [0.2751410299308342, 0.2712277498342889, 0.5574851058161756], "inter": 97.11970268230533}