{"means": [0, 0, 0, 0, 0, 0, 0, 0], "stds": [1, 1, 1, 1, 1, 1, 1, 1], "coefs": [-0.17381468205212586, 0.022317801768791234, -0.004158266088162003, 0.0018511850328215196, -0.00024004145174525988, 0.028897977587329045, 0.0007404582257558425], "inter": -2.215798275217594}