{"means": [0, 0, 0, 0, 0, 0, 0, 0], "stds": [1, 1, 1, 1, 1, 1, 1, 1], "coefs": [0.018641057270184818, 0.0025162596936074144, 0.01086546306675572, 0.0025216605523249204, 0.0005725563519830063, 0.006101601159179286, 0.0006230565224746664], "inter": 0.23223315032942082}