{"means": [0, 0, 0, 0], "stds": [1, 1, 1, 1], "coefs": [-7.407485575148823e-07, -7.407485575148828e-07, 8.317214830225544e-07], "inter": 0.0011040340146254344}