{"means": [0, 0, 0, 0], "stds": [1, 1, 1, 1], "coefs": [-2.10955809442557e-06, -2.109558094425569e-06, 5.769594500077223e-07], "inter": 0.0013907773943137233}