{"means": [0, 0, 0, 0], "stds": [1, 1, 1, 1], "coefs": [7.907782380376356e-08, 5.0050820738844754e-06, -1.071887044675417e-07], "inter": 0.0018577799697035453}