{"means": [0, 0, 0, 0, 0, 0, 0, 0, 0, 0, 0, 0, 0, 0], "stds": [1, 1, 1, 1, 1, 1, 1, 1, 1, 1, 1, 1, 1, 1], "coefs": [0.004888049885701652, 0.004888049885685159, -0.006150325649833148, 0.13992360633006165, 0.1399236063300608, -0.02704065073710195, 0.0007046522518378491, 0.0015214232342498826, 0.0015214232342455449, 0.020330246521059903, -0.0074884511942986945, -0.0074884511942986945, 0.0024220426664579653], "inter": -0.014541577854213728}