{"means": [0, 0, 0, 0, 0, 0, 0, 0, 0, 0, 0, 0, 0, 0], "stds": [1, 1, 1, 1, 1, 1, 1, 1, 1, 1, 1, 1, 1, 1], "coefs": [0.0054386436936211015, -0.00396490963992311, -0.005378340934011991, 0.001523535998265555, 0.0015235359982655335, 0.011621595603603256, 0.01722549828075623, 0.0035166288801651547, 0.0031584260920799155, 0.020684966026975202, 0.033376170378087565, -0.00423804295608249, 0.002460146150493562], "inter": -0.9543572226985972}