{"means": [0, 0, 0, 0, 0, 0], "stds": [1, 1, 1, 1, 1, 1], "coefs": [0.011764890783464602, -0.0009189013609763255, 0.006537955898410135, 0.0002888178868490144, 0.0009774933468889313], "inter": -0.22619653681002205}