{"means": [0, 0, 0, 0, 0, 0], "stds": [1, 1, 1, 1, 1, 1], "coefs": [-0.003973476319113131, -1.6109850197660545e-05, 0.0008066351283788891, -0.000264825504737707, 0.001233248182240745], "inter": 0.02177901374594171}